file,label,duration_s,trimmed_duration_s,rms_db,snr_est_db,clip_frac
id_mg98epkgth3k.wav,sita,3.92,0.768,-50.809722900390625,36.71703872680664,0.0
id_qe3b7vcv1yw3.wav,tisa,10.16,9.92,-31.480419158935547,8.420282745361312,0.0
id_p9rscpr0fzrp.wav,nne,6.72,0.64,-32.031436920166016,9.257437133789068,0.0
id_m0e18colnz1i.wav,mbili,3.28,3.28,-64.60480499267578,4.490057373046874,0.0
id_1bsffklq1fqu.wav,tisa,5.6,5.568,-32.75849151611328,7.771625518798828,0.0
id_iqmv6ej4um5w.wav,kumi,6.8,5.136,-39.09343719482422,9.284706115722656,0.0
id_d04ud4dzx8tw.wav,tisa,4.48,2.944,-28.833721160888672,7.528007507324219,0.0
id_f4h29mga0lga.wav,moja,9.52,9.488,-31.236135482788086,7.010279846191409,0.0
id_i067jc4v2fxz.wav,tisa,6.16,0.448,-32.855010986328125,3.53918075561522,0.0
id_i91g3zjsxsjp.wav,ndio,8.56,8.528,-32.50836181640625,5.4851181030273395,0.0
id_4v4m9q50zgne.wav,moja,9.52,0.64,-36.22663116455078,1.1837585449218722,0.0
id_hd3lumujpdpd.wav,ndio,6.88,6.656,-34.64666748046875,7.709612274169928,0.0
id_klpvhcq4438c.wav,sita,4.32,0.672,-29.486698150634766,9.33839416503907,0.0
id_6n998o93irht.wav,tatu,6.64,0.512,-39.89518737792969,7.30849914550781,0.0
id_p5vb0zpateyu.wav,nane,8.48,8.448,-32.55747985839844,6.168691253662111,0.0
id_9fmy0zlgbxz4.wav,nne,5.44,4.544,-35.87310791015625,8.666307067871095,0.0
id_wdur6ms13l3m.wav,kumi,11.36,5.088,-34.589725494384766,7.6913345336914105,0.0
id_0pl250m9dm5j.wav,tano,29.28,19.712,-31.29560661315918,6.237245941162115,0.0
id_08b0ikkg78k1.wav,nne,12.672,3.424,-44.182823181152344,6.621023559570304,0.0
id_q9z5v56z1fie.wav,ndio,21.248,0.672,-43.12785720825195,1.7144363403320284,0.0
id_4lw49ow7vumq.wav,kumi,10.624,0.608,-41.95118713378906,3.494546508789071,0.0
id_fdsizrw8s6aw.wav,hapana,11.52,1.056,-35.83222198486328,5.691671752929665,0.0
id_6ar5dj3ebsum.wav,saba,9.36,0.512,-46.87934875488281,1.7904327392578097,0.0
id_0ob70n4arevf.wav,kumi,4.64,4.352,-34.30637741088867,5.36799697875977,0.0
id_7nfgp5a7fwp3.wav,mbili,11.136,6.4,-47.706111907958984,3.1889587402343693,0.0
id_f1lfk227oqto.wav,tatu,17.28,0.672,-42.36250305175781,5.704016113281256,0.0
id_toljkyjcpo2g.wav,nane,62.08,62.048,-64.60679626464844,12.849597167968753,0.0
id_w6a4a299a12e.wav,nne,61.952,61.856,-59.97180938720703,18.16518783569336,0.0
id_f1zp5wzc8m9r.wav,tano,6.56,6.304,-39.867950439453125,8.415979003906251,0.0
id_tgiav3vin4vn.wav,sita,12.96,12.96,-34.09405517578125,5.389886474609376,0.0
id_h6rd3p7tzhsg.wav,tatu,5.68,0.448,-32.89109420776367,3.800743865966787,0.0
id_o92a5wvy2dto.wav,sita,5.84,0.544,-33.705848693847656,6.581446838378909,0.0
id_7us8kaz1736o.wav,tatu,4.08,3.76,-31.861251831054688,8.12017974853515,0.0
id_yff6vyqjrs2a.wav,tano,5.92,5.024,-38.10826110839844,5.483189392089841,0.0
id_ysplfm575v5a.wav,hapana,11.68,0.672,-30.552352905273438,7.89218444824219,0.0
id_zp6xupyvninu.wav,mbili,4.88,4.88,-51.960365295410156,5.592507934570314,0.0
id_my7w7efc4eiz.wav,kumi,6.8,0.576,-28.01992416381836,9.132652282714844,0.0
id_omg88ehokpqt.wav,kumi,4.096,0.544,-27.12491798400879,5.72056427001953,0.0
id_2dx95jkzoejz.wav,kumi,6.8,0.64,-31.994712829589844,8.905574798583984,0.0
id_wozp7sg0662c.wav,nne,7.04,6.464,-26.405624389648438,8.260945129394536,0.0
id_riz8n3zgu5nc.wav,tatu,4.48,4.48,-38.84666061401367,8.16203155517578,0.0
id_s4xxifgzr3io.wav,tisa,3.92,3.92,-50.18448257446289,14.979845428466803,0.0
id_0rds13cppi5m.wav,tano,5.12,0.416,-30.669830322265625,9.37378234863283,0.0
id_rd39hay6u7le.wav,saba,4.736,4.416,-29.450611114501953,8.290212631225586,0.0
id_dlm39v4g4ffn.wav,moja,18.816,0.704,-40.86933517456055,1.3119659423828125,0.0
id_mldsa0piqngd.wav,hapana,8.64,7.072,-38.59794998168945,9.459806823730467,0.0
id_xmv3v7rtixle.wav,tano,6.4,6.144,-34.322486877441406,9.592754364013672,0.0
id_1b2chm7m97ca.wav,mbili,8.88,8.688,-40.54582595825195,6.883078002929693,0.0
id_lduvyw6ck4ea.wav,tano,6.96,6.96,-40.49540710449219,8.659648132324214,0.0
id_wtooo8h1x7sb.wav,sita,5.04,5.04,-51.85272216796875,13.77083435058595,0.0
id_uxl1j3j54y0d.wav,hapana,2.96,2.96,-60.189483642578125,7.02975692749024,0.0
id_weixje33tsig.wav,tano,8.064,5.28,-29.057415008544922,8.088115692138665,0.0
id_e8ul9vf9y9p9.wav,sita,62.08,61.664,-55.09811019897461,16.459817504882807,0.0
id_gdsq75tugviw.wav,ndio,6.88,5.536,-30.477418899536133,8.731497955322268,0.0
id_eui48zuwdrrj.wav,mbili,4.16,3.84,-52.29824447631836,23.09583129882816,0.0
id_n6n3ejhrfrnu.wav,tano,5.76,4.16,-29.40974998474121,8.709388732910156,0.0
id_proq1yvo0824.wav,ndio,17.92,10.752,-46.76713943481445,4.753680419921878,0.0
id_12kj458pm4wm.wav,moja,62.08,56.064,-55.26681900024414,18.82289505004882,0.0
id_2cx3w18g1j9x.wav,ndio,7.12,0.608,-32.27406692504883,5.937253570556642,0.0
id_p88p5a1vhzl2.wav,tatu,8.72,7.552,-37.4085578918457,3.653489685058595,0.0
id_jv6j42bjy72h.wav,saba,5.68,1.888,-28.62366485595703,9.343280792236328,1.1003521126760564e-05
id_depc4pxekzhp.wav,ndio,7.2,0.448,-27.480554580688477,7.4218902587890625,0.0
id_bi87jp84idw8.wav,moja,5.36,5.152,-27.225936889648438,7.191040039062507,0.0
id_10oyhhl4td1t.wav,tisa,6.24,0.448,-35.002220153808594,6.281697845458986,0.0
id_07mte6awbnfq.wav,mbili,8.4,0.608,-33.551753997802734,8.618793487548828,0.0
id_489h1yy8isqf.wav,nne,5.84,0.576,-38.02214431762695,5.388496398925788,0.0
id_zlfye2qpp812.wav,ndio,62.08,62.048,-58.61603546142578,17.221491241455084,0.0
id_2lpkjo7vgfxc.wav,nane,5.92,0.512,-31.35961151123047,8.146961975097653,0.0
id_36so4q33fykv.wav,tatu,4.4,4.304,-55.1337776184082,15.353523254394531,0.0
id_5yvcgc9i5oso.wav,mbili,6.8,0.544,-42.12627410888672,5.8510894775390625,0.0
id_25k1gx7xcp8k.wav,saba,6.48,0.544,-32.81317901611328,5.087541198730499,0.0
id_xr5ocxnrjfz6.wav,sita,6.0,5.904,-48.2069091796875,8.353740692138672,0.0
id_w413bdux579q.wav,mbili,11.6,1.024,-36.514793395996094,3.4952621459960938,0.0
id_ikqrhb9zku8j.wav,tano,6.64,6.448,-32.85943603515625,8.377197265625007,0.0
id_ta1ytc871bx1.wav,tano,8.48,8.352,-45.5669059753418,9.041034698486328,0.0
id_wj17bv5a18i2.wav,tatu,9.76,3.008,-35.29319381713867,9.964571380615233,0.0
id_5y7q286af79p.wav,kumi,10.624,0.736,-41.77100372314453,3.491137695312517,0.0
id_nhunsq3lf4nz.wav,tatu,12.8,6.72,-33.95472717285156,7.411144256591797,0.0
id_p0oigtbidzfe.wav,sita,6.16,5.888,-38.75722122192383,7.551049041748044,0.0
id_nt2tl73rh373.wav,kumi,2.88,2.88,-61.85554122924805,4.265250396728511,0.0
id_qconko34be1q.wav,kumi,62.208,62.208,-57.505653381347656,13.571163177490234,0.0
id_wjnh92p5i5a4.wav,saba,7.52,6.912,-35.18389892578125,9.216033172607425,0.0
id_vgwwhudzd01w.wav,mbili,15.2,14.208,-31.101266860961914,9.847537994384766,6.990131578947368e-05
id_okczaxna9cbv.wav,tano,3.12,3.12,-62.388729095458984,5.585424804687499,0.0
id_seua7u84lcir.wav,kumi,5.52,0.448,-23.343250274658203,9.524819946289064,5.661231884057971e-05
id_3esgnjkbzg35.wav,hapana,6.64,0.608,-35.852169036865234,7.311222839355466,0.0
id_f222q7qtvsjc.wav,kumi,7.2,4.352,-28.247142791748047,9.502914428710938,0.0
id_fjstah7pnc0g.wav,saba,9.216,0.608,-37.59750747680664,6.145100402832,0.0
id_5gxk79lczo7x.wav,sita,5.92,0.576,-41.406742095947266,6.62514953613281,0.0
id_lu72023pt7tw.wav,ndio,7.2,5.312,-38.79726791381836,7.5090789794921875,0.0
id_uht0pv4wmeq5.wav,sita,8.16,0.768,-33.2552490234375,9.764232635498047,0.0
id_l8qou4tdc9qr.wav,nne,5.68,0.512,-29.090991973876953,9.951901245117185,0.0
id_nkqgf0m08luw.wav,mbili,11.52,0.736,-43.38725280761719,3.3937759399414062,0.0
id_imvxo1g1dh5m.wav,mbili,49.408,28.8,-47.139129638671875,9.949745178222656,0.0
id_h6bon83fm46q.wav,moja,8.4,8.064,-36.89334487915039,8.07522964477539,0.0
id_rysagj0hh4eo.wav,nne,9.216,0.768,-39.36211395263672,2.743964385986331,0.0
id_yhab5phwm4kv.wav,sita,8.72,0.8,-39.063941955566406,8.375267791748044,0.0
id_bln3iqc57vrx.wav,ndio,3.36,3.36,-61.08686065673828,4.318572235107439,0.0
id_cg6ggx3q6c4r.wav,kumi,4.8,4.8,-32.20793151855469,6.097057342529297,0.0
id_iihfba01m6c4.wav,mbili,8.08,6.912,-29.28787612915039,9.709580993652345,0.0
id_oyq0w4nbmji0.wav,mbili,8.8,8.544,-29.085350036621094,9.287406921386719,0.0
id_r0fw2xtim0cq.wav,sita,6.16,6.0,-47.184852600097656,1.2330245971679688,0.0
id_d6xmsr50qx6z.wav,ndio,7.52,0.608,-32.67781066894531,9.758672332763702,0.0
id_mcmfpml75fxs.wav,sita,10.24,0.64,-39.65922546386719,1.7269027709961051,0.0
id_7rs86tc1t0mh.wav,mbili,62.208,62.208,-53.72814178466797,17.9813232421875,0.0
id_c2fb4tbe8j8i.wav,ndio,5.84,0.608,-31.344270706176758,6.191365814209007,0.0
id_sdhl1scj68qk.wav,hapana,62.08,62.08,-62.71172332763672,16.04793395996093,0.0
id_sxudkv8dqdto.wav,nne,3.2,3.2,-60.522274017333984,4.453926086425781,0.0
id_f1bhdqs5pr2n.wav,kumi,7.76,6.672,-38.3856201171875,9.975086975097653,0.0
id_5y7zx54bzvd7.wav,tisa,12.32,12.288,-35.76961898803711,8.471710205078125,0.0
id_m0bfpb44o6k8.wav,tatu,27.6,26.048,-45.26224136352539,6.060935974121094,0.0
id_78tuhlpzyz6s.wav,tano,41.856,0.768,-38.55779266357422,2.501495361328125,0.0
id_ymlcr4kf124h.wav,tatu,11.136,2.656,-31.542837142944336,5.622808456420898,0.0
id_0w58argnti9a.wav,hapana,9.04,8.672,-28.663097381591797,8.483026123046876,0.0
id_v2m29r5lft8c.wav,saba,6.48,3.2,-38.695518493652344,1.542426300048831,0.0
id_c8pphgfn613h.wav,kumi,11.84,0.416,-31.982576370239258,8.397950744628922,0.0
id_yn8wcaporh2v.wav,tano,5.28,3.616,-29.393871307373047,7.535804748535156,0.0
id_u4zt6g9mmaeb.wav,kumi,5.12,0.512,-29.823604583740234,9.206007385253926,0.0
id_22ohnk9xo0g3.wav,moja,7.76,0.672,-33.53790283203125,9.913817596435543,0.0
id_dd532clfsj8s.wav,moja,5.44,3.872,-33.570228576660156,8.931919860839841,0.0
id_dto4107nn7uo.wav,moja,28.672,0.992,-41.90993881225586,0.9969726562499943,0.0
id_j1z81utc0o30.wav,tisa,18.048,0.8,-40.991703033447266,1.3217102050781193,0.0
id_4fp88jjoe6w6.wav,mbili,12.8,12.032,-30.763463973999023,7.776123046875,2.9296875e-05
id_d29nll886520.wav,tano,5.76,0.48,-29.240942001342773,5.4414192199707045,0.0
id_tpyw4om945kr.wav,ndio,7.28,6.96,-44.55400466918945,6.054103088378902,0.0
